{
	"info": {
		"_postman_id": "c1fa96f8-dd72-48ed-aeec-6487a39b24e0",
		"name": "Payment Types",
		"schema": "https://schema.getpostman.com/json/collection/v2.1.0/collection.json",
		"_exporter_id": "741492"
	},
	"item": [
		{
			"name": "payment-types",
			"request": {
				"method": "POST",
				"header": [],
				"body": {
					"mode": "raw",
					"raw": "{\r\n    \"name\": \"Vale Alimentação\",\r\n    \"acronym\": \"VA\",\r\n    \"enabled\": true\r\n}",
					"options": {
						"raw": {
							"language": "json"
						}
					}
				},
				"url": {
					"raw": "http://localhost:8080/payment-types",
					"protocol": "http",
					"host": [
						"localhost"
					],
					"port": "8080",
					"path": [
						"payment-types"
					]
				}
			},
			"response": []
		},
		{
			"name": "payment-types",
			"protocolProfileBehavior": {
				"disableBodyPruning": true
			},
			"request": {
				"auth": {
					"type": "bearer",
					"bearer": [
						{
							"key": "token",
							"value": "{{access_token}}",
							"type": "string"
						}
					]
				},
				"method": "GET",
				"header": [],
				"body": {
					"mode": "raw",
					"raw": "{\r\n    \"name\": \"Vale Alimentação\",\r\n    \"acronym\": \"VA\",\r\n    \"enabled\": true\r\n}",
					"options": {
						"raw": {
							"language": "json"
						}
					}
				},
				"url": {
					"raw": "http://localhost:8080/payment-types",
					"protocol": "http",
					"host": [
						"localhost"
					],
					"port": "8080",
					"path": [
						"payment-types"
					],
					"query": [
						{
							"key": "enabled",
							"value": "false",
							"disabled": true
						}
					]
				}
			},
			"response": []
		},
		{
			"name": "payment-types by id",
			"protocolProfileBehavior": {
				"disableBodyPruning": true
			},
			"request": {
				"auth": {
					"type": "bearer",
					"bearer": [
						{
							"key": "token",
							"value": "{{access_token}}",
							"type": "string"
						}
					]
				},
				"method": "GET",
				"header": [],
				"body": {
					"mode": "raw",
					"raw": "{\r\n    \"name\": \"Vale Alimentação\",\r\n    \"acronym\": \"VA\",\r\n    \"enabled\": true\r\n}",
					"options": {
						"raw": {
							"language": "json"
						}
					}
				},
				"url": {
					"raw": "http://localhost:8080/payment-types/1",
					"protocol": "http",
					"host": [
						"localhost"
					],
					"port": "8080",
					"path": [
						"payment-types",
						"1"
					]
				}
			},
			"response": []
		}
	]
}