{
	"info": {
		"_postman_id": "7ba0d31d-b279-4d68-b2ab-eddfd4a34b13",
		"name": "Products",
		"schema": "https://schema.getpostman.com/json/collection/v2.1.0/collection.json",
		"_exporter_id": "741492"
	},
	"item": [
		{
			"name": "Product",
			"request": {
				"method": "POST",
				"header": [],
				"body": {
					"mode": "raw",
					"raw": "{\r\n    \"name\": \"Porção de 500g Calabresa acebolada\",\r\n    \"description\": \"\",\r\n    \"price\": 19.0,\r\n    \"image\": \"https://www.anamariabrogui.com.br/assets/uploads/receitas/fotos/usuario-1682-52acab79d88efd805e6a341697e6aecb.jpg\"\r\n}",
					"options": {
						"raw": {
							"language": "json"
						}
					}
				},
				"url": {
					"raw": "http://localhost:8080/products",
					"protocol": "http",
					"host": [
						"localhost"
					],
					"port": "8080",
					"path": [
						"products"
					]
				}
			},
			"response": []
		},
		{
			"name": "Upload",
			"request": {
				"auth": {
					"type": "bearer",
					"bearer": [
						{
							"key": "token",
							"value": "{{access_token}}",
							"type": "string"
						}
					]
				},
				"method": "POST",
				"header": [],
				"body": {
					"mode": "formdata",
					"formdata": [
						{
							"key": "file",
							"type": "file",
							"src": "/C:/Users/rodri/Downloads/leia a legenda.png"
						}
					]
				},
				"url": {
					"raw": "http://localhost:8080/uploads",
					"protocol": "http",
					"host": [
						"localhost"
					],
					"port": "8080",
					"path": [
						"uploads"
					]
				}
			},
			"response": []
		},
		{
			"name": "Product",
			"protocolProfileBehavior": {
				"disableBodyPruning": true
			},
			"request": {
				"method": "GET",
				"header": [],
				"body": {
					"mode": "raw",
					"raw": "{\r\n    \"name\": \"Porção de 500g Calabresa acebolada\",\r\n    \"description\": \"\",\r\n    \"price\": 19.0,\r\n    \"image_path\": \"https://www.anamariabrogui.com.br/assets/uploads/receitas/fotos/usuario-1682-52acab79d88efd805e6a341697e6aecb.jpg\"\r\n}",
					"options": {
						"raw": {
							"language": "json"
						}
					}
				},
				"url": {
					"raw": "http://localhost:8080/products",
					"protocol": "http",
					"host": [
						"localhost"
					],
					"port": "8080",
					"path": [
						"products"
					]
				}
			},
			"response": []
		},
		{
			"name": "Product Edit",
			"request": {
				"method": "PUT",
				"header": [],
				"body": {
					"mode": "raw",
					"raw": "{\r\n    \"name\": \"X-Churrasco\",\r\n    \"description\": \"Lanche acompanha pão francês, contra filé, alface, vinagrete, queijo e maionese\",\r\n    \"price\": 23.0,\r\n    \"image\": \"http://www.saboresajinomoto.com.br/uploads/images/recipes/sanduiche-de-churrasco.jpg\"\r\n}",
					"options": {
						"raw": {
							"language": "json"
						}
					}
				},
				"url": {
					"raw": "http://localhost:8080/products/3",
					"protocol": "http",
					"host": [
						"localhost"
					],
					"port": "8080",
					"path": [
						"products",
						"3"
					]
				}
			},
			"response": []
		}
	]
}