{
	"info": {
		"_postman_id": "97ad1e8e-6e23-4b1a-ae10-9bfa1e691022",
		"name": "User",
		"schema": "https://schema.getpostman.com/json/collection/v2.1.0/collection.json",
		"_exporter_id": "741492"
	},
	"item": [
		{
			"name": "ById",
			"request": {
				"auth": {
					"type": "bearer",
					"bearer": [
						{
							"key": "token",
							"value": "{{access_token}}",
							"type": "string"
						}
					]
				},
				"method": "GET",
				"header": [],
				"url": {
					"raw": "http://localhost:8080/users/2",
					"protocol": "http",
					"host": [
						"localhost"
					],
					"port": "8080",
					"path": [
						"users",
						"2"
					]
				}
			},
			"response": []
		}
	]
}